location_id,location_name,category_id,category_name
00239dbc-63a5-4ce1-9c87-8dc8afd8fa99,Route 66 League,a4d707b8-d9b5-45cd-b8e9-4e7642ded04d,Attractions
002bef51-0b5d-4a9b-b04b-818a9cd9d1fc,Kingston Mines,a983cb1b-95cb-44df-aab0-5410b0623553,Hot Spots
002bef51-0b5d-4a9b-b04b-818a9cd9d1fc,Kingston Mines,ae72a1a9-ea1d-43f9-a8e5-4b0537018f4f,Bars
002bef51-0b5d-4a9b-b04b-818a9cd9d1fc,Kingston Mines,f9b15bb5-2599-4d3b-a116-c3bc7e1f668c,Theaters And Music Venues
0113d8b9-f205-416e-aff3-d685385b3056,Residence Inn,60f360a5-edc9-4df0-b618-782985396946,Hotels
01bf94e7-d01f-451c-b5cc-7fa0ef1ee9d3,Target,d9f34546-cb34-4f1f-88b8-fdc9955ba3e5,Shops
02672df6-c98c-445f-9fa6-32bfc1f6887e,Water Tower Place,d9f34546-cb34-4f1f-88b8-fdc9955ba3e5,Shops
030e01ed-f343-4468-bc45-1722220ed333,Chicago Theatre,f9b15bb5-2599-4d3b-a116-c3bc7e1f668c,Theaters And Music Venues
04262787-4b85-4d95-a301-c7b3b6068a6d,Garrett Popcorn Shops,a983cb1b-95cb-44df-aab0-5410b0623553,Hot Spots
04262787-4b85-4d95-a301-c7b3b6068a6d,Garrett Popcorn Shops,d9f34546-cb34-4f1f-88b8-fdc9955ba3e5,Shops
04481351-3fde-49f7-b0ea-88c8cc71fe46,Nederlander Theatre,f9b15bb5-2599-4d3b-a116-c3bc7e1f668c,Theaters And Music Venues
06dffd31-ae21-4531-bc2c-04df20f85c1d,Saks 5th Ave.,d9f34546-cb34-4f1f-88b8-fdc9955ba3e5,Shops
07123afa-3536-4411-9cfb-2a764a0cb700,Raising Cane鈥檚 Chicken Fingers - Wrigleyville,a983cb1b-95cb-44df-aab0-5410b0623553,Hot Spots
07123afa-3536-4411-9cfb-2a764a0cb700,Raising Cane鈥檚 Chicken Fingers - Wrigleyville,c694d327-280e-42d0-906a-cc8ea3d5e85b,Restaurants
075cbd0b-5080-46e7-b4c0-4628b3f50c6e,Canopy,60f360a5-edc9-4df0-b618-782985396946,Hotels
083c9dad-5d4b-4b3c-8802-d601dd515dad,Garrett Popcorn Shops,a983cb1b-95cb-44df-aab0-5410b0623553,Hot Spots
083c9dad-5d4b-4b3c-8802-d601dd515dad,Garrett Popcorn Shops,d9f34546-cb34-4f1f-88b8-fdc9955ba3e5,Shops
087d51b9-f781-4806-aab3-8075785fa6a8,Aloft,60f360a5-edc9-4df0-b618-782985396946,Hotels
08bb71a2-85d5-40c4-be63-8836184d0b66,Cone Gourmet Ice Cream,c694d327-280e-42d0-906a-cc8ea3d5e85b,Restaurants
096d51e9-abb2-422a-9ecc-c201c21bf277,Studio W.I.P.,a4d707b8-d9b5-45cd-b8e9-4e7642ded04d,Attractions
096d51e9-abb2-422a-9ecc-c201c21bf277,Studio W.I.P.,a983cb1b-95cb-44df-aab0-5410b0623553,Hot Spots
09edc7a5-adc5-4b62-8aef-bf419d6ed60d,St. Regis,60f360a5-edc9-4df0-b618-782985396946,Hotels
09eff1bb-4cc1-4973-83b8-ff08e0c6e9d0,Citizen M,60f360a5-edc9-4df0-b618-782985396946,Hotels
0b1bab11-a4df-488e-b6b3-b2ffadc71bc3,Roll Up,a983cb1b-95cb-44df-aab0-5410b0623553,Hot Spots
0b1bab11-a4df-488e-b6b3-b2ffadc71bc3,Roll Up,c694d327-280e-42d0-906a-cc8ea3d5e85b,Restaurants
0ca4aa52-726e-4bcd-bd91-754da82c23ba,Big Bus Tours Stop 8: Navy Pier,1874d4f2-bc80-4c8f-a116-32f5ee9f199a,Big Bus Tours Stops
0d3f9129-9ece-4786-958a-18f45365dea5,Neiman-Marcus,d9f34546-cb34-4f1f-88b8-fdc9955ba3e5,Shops
0d495ac6-0b15-465f-a5a2-5786567b9f88,Kimpton Gray,60f360a5-edc9-4df0-b618-782985396946,Hotels
0d626e8e-3aeb-458e-b11a-c034e1599423,American Writers Museum,a4d707b8-d9b5-45cd-b8e9-4e7642ded04d,Attractions
0d626e8e-3aeb-458e-b11a-c034e1599423,American Writers Museum,b3531d65-053c-420c-8b44-6076b45be5fa,Museums
0ed825ef-99cd-4b15-8e93-5a0b9b6c65ed,Big Bus Tours Stop 2: Skydeck Chicago & Willis Tower,1874d4f2-bc80-4c8f-a116-32f5ee9f199a,Big Bus Tours Stops
0eedc28c-5cfe-4e41-812e-6ffbb1199b59,360 Chicago Observation Deck,a4d707b8-d9b5-45cd-b8e9-4e7642ded04d,Attractions
1000e24d-559b-45b2-bb6f-e078555a8a6f,Howl at the Moon,a983cb1b-95cb-44df-aab0-5410b0623553,Hot Spots
1000e24d-559b-45b2-bb6f-e078555a8a6f,Howl at the Moon,ae72a1a9-ea1d-43f9-a8e5-4b0537018f4f,Bars
100cd1d6-0af9-497a-a070-063645f6304a,AC,60f360a5-edc9-4df0-b618-782985396946,Hotels
11a1045b-810d-4e53-9197-7fd4a5fca6a9,Sheraton,60f360a5-edc9-4df0-b618-782985396946,Hotels
122a12f9-cf54-4983-9787-64633fc79b15,Big Bus Tours Stop 4: Hilton Chicago & Grant Park,1874d4f2-bc80-4c8f-a116-32f5ee9f199a,Big Bus Tours Stops
136d7600-b2e2-4034-ab2f-474a2031106b,Bottom Lounge,ae72a1a9-ea1d-43f9-a8e5-4b0537018f4f,Bars
136d7600-b2e2-4034-ab2f-474a2031106b,Bottom Lounge,f9b15bb5-2599-4d3b-a116-c3bc7e1f668c,Theaters And Music Venues
14733c5f-0069-4f0e-81c8-83f14cf74be6,Origin of Great Chicago Fire of 1871,a4d707b8-d9b5-45cd-b8e9-4e7642ded04d,Attractions
149e5b06-fafe-45a5-987f-0a2ee647f8d2,Selva,ae72a1a9-ea1d-43f9-a8e5-4b0537018f4f,Bars
1525a1f9-6615-4c5f-9b45-fc871577444a,Chicago Children's Museum,a4d707b8-d9b5-45cd-b8e9-4e7642ded04d,Attractions
1525a1f9-6615-4c5f-9b45-fc871577444a,Chicago Children's Museum,b3531d65-053c-420c-8b44-6076b45be5fa,Museums
16222053-b164-48ad-86b2-d90b4f45dacb,Fairmont,60f360a5-edc9-4df0-b618-782985396946,Hotels
17ceefb6-a20a-4126-8004-e02a0065230a,Hilton Garden Inn,60f360a5-edc9-4df0-b618-782985396946,Hotels
199e5b2c-9b6d-4e8b-8b5e-749f9c887267,The Aberdeen Tap,ae72a1a9-ea1d-43f9-a8e5-4b0537018f4f,Bars
199e5b2c-9b6d-4e8b-8b5e-749f9c887267,The Aberdeen Tap,c694d327-280e-42d0-906a-cc8ea3d5e85b,Restaurants
19d6427a-63af-46fc-9b69-e8bdeeb060ea,Sofitel,60f360a5-edc9-4df0-b618-782985396946,Hotels
1b247e01-94a0-4a03-9afc-20bbd3401f92,Hampton Inn Homewood Suites,60f360a5-edc9-4df0-b618-782985396946,Hotels
1b3c8be6-9dcc-41bb-9285-a077203aa03f,Vertiport Chicago,a4d707b8-d9b5-45cd-b8e9-4e7642ded04d,Attractions
1c7ef4bf-a014-4b12-b1b8-d051a3c2a929,The Berghoff,ae72a1a9-ea1d-43f9-a8e5-4b0537018f4f,Bars
1c7ef4bf-a014-4b12-b1b8-d051a3c2a929,The Berghoff,c694d327-280e-42d0-906a-cc8ea3d5e85b,Restaurants
1cc17f6b-9ea9-40d1-b9ea-879960a20e35,Raising Cane鈥檚 Chicken Fingers - Loyola,a983cb1b-95cb-44df-aab0-5410b0623553,Hot Spots
1cc17f6b-9ea9-40d1-b9ea-879960a20e35,Raising Cane鈥檚 Chicken Fingers - Loyola,c694d327-280e-42d0-906a-cc8ea3d5e85b,Restaurants
1eb0d402-8f19-46df-90f8-0b1c953cfa88,Millennium Park,73a6f729-b6f6-4518-b28a-e8101b831263,Parks
1eb0d402-8f19-46df-90f8-0b1c953cfa88,Millennium Park,a4d707b8-d9b5-45cd-b8e9-4e7642ded04d,Attractions
20afa61a-69d3-4a31-a37a-4068108a7832,Garrett Popcorn Shops,a983cb1b-95cb-44df-aab0-5410b0623553,Hot Spots
20afa61a-69d3-4a31-a37a-4068108a7832,Garrett Popcorn Shops,d9f34546-cb34-4f1f-88b8-fdc9955ba3e5,Shops
22a6c2ca-5511-4081-bb78-f739e3bf4384,The Emily Hotel,60f360a5-edc9-4df0-b618-782985396946,Hotels
23009197-97af-46e0-ab84-86de5152ec48,Mindworks: The Science of Thinking,a983cb1b-95cb-44df-aab0-5410b0623553,Hot Spots
23009197-97af-46e0-ab84-86de5152ec48,Mindworks: The Science of Thinking,b3531d65-053c-420c-8b44-6076b45be5fa,Museums
2303ceff-d524-4841-a4a1-fe97476dde43,Trump Int'l,60f360a5-edc9-4df0-b618-782985396946,Hotels
23da399f-67a6-4306-8910-2d230178dcfd,Su Taqueria El Rey Del Taco,c694d327-280e-42d0-906a-cc8ea3d5e85b,Restaurants
24163594-cce9-48af-887a-33b2b9f99c1a,Hilton Suites Chicago Mag Mile,60f360a5-edc9-4df0-b618-782985396946,Hotels
25d65999-8943-418e-9c58-649330f792de,Tribune Tower,a4d707b8-d9b5-45cd-b8e9-4e7642ded04d,Attractions
26de0f73-448c-4a37-bc6d-eea719dab500,"PB&J: Pizza, Beer and Jukebox",ae72a1a9-ea1d-43f9-a8e5-4b0537018f4f,Bars
26de0f73-448c-4a37-bc6d-eea719dab500,"PB&J: Pizza, Beer and Jukebox",c694d327-280e-42d0-906a-cc8ea3d5e85b,Restaurants
27079374-4b20-4dbc-8c9b-b49fd64eb928,City Cruises Chicago,a4d707b8-d9b5-45cd-b8e9-4e7642ded04d,Attractions
27079374-4b20-4dbc-8c9b-b49fd64eb928,City Cruises Chicago,a983cb1b-95cb-44df-aab0-5410b0623553,Hot Spots
27509459-167a-4013-97c9-32c9330b6b39,Club Quarters,60f360a5-edc9-4df0-b618-782985396946,Hotels
27755721-8818-411e-83f3-80797b4cb084,Museum of Contemporary Art,a4d707b8-d9b5-45cd-b8e9-4e7642ded04d,Attractions
27755721-8818-411e-83f3-80797b4cb084,Museum of Contemporary Art,b3531d65-053c-420c-8b44-6076b45be5fa,Museums
280c38f7-9929-48af-b70c-2a9332df553f,The Buckingham,60f360a5-edc9-4df0-b618-782985396946,Hotels
2bafb42b-1910-4bdf-a8b6-ebfaebcaf543,Griffin Museum of Science & Industry,a4d707b8-d9b5-45cd-b8e9-4e7642ded04d,Attractions
2bafb42b-1910-4bdf-a8b6-ebfaebcaf543,Griffin Museum of Science & Industry,a983cb1b-95cb-44df-aab0-5410b0623553,Hot Spots
2bafb42b-1910-4bdf-a8b6-ebfaebcaf543,Griffin Museum of Science & Industry,b3531d65-053c-420c-8b44-6076b45be5fa,Museums
2ce8b4ca-5ee3-46bf-8cc7-f36ab8931d22,Chicago Architecture Center,a4d707b8-d9b5-45cd-b8e9-4e7642ded04d,Attractions
2ce8b4ca-5ee3-46bf-8cc7-f36ab8931d22,Chicago Architecture Center,a983cb1b-95cb-44df-aab0-5410b0623553,Hot Spots
2e849575-3863-4e41-a89e-002bbbc81430,Hyatt Centric Mag Mile,60f360a5-edc9-4df0-b618-782985396946,Hotels
2f1265f4-632e-41f8-a3f8-6334a120c627,Hilton Chicago,60f360a5-edc9-4df0-b618-782985396946,Hotels
2f7682d4-6dfc-457e-9576-bf0b48776dc4,21c Museum Hotel,60f360a5-edc9-4df0-b618-782985396946,Hotels
2f89c142-063f-48be-9df8-bc3887c454ca,The Embassy Public House,ae72a1a9-ea1d-43f9-a8e5-4b0537018f4f,Bars
2f89c142-063f-48be-9df8-bc3887c454ca,The Embassy Public House,c694d327-280e-42d0-906a-cc8ea3d5e85b,Restaurants
30e333b3-7b46-42b4-b4d9-55ba70272f1f,Black Barrel Tavern,ae72a1a9-ea1d-43f9-a8e5-4b0537018f4f,Bars
30e333b3-7b46-42b4-b4d9-55ba70272f1f,Black Barrel Tavern,c694d327-280e-42d0-906a-cc8ea3d5e85b,Restaurants
315fc176-9cf0-43b2-a925-698e63c80dec,Hotel Felix,60f360a5-edc9-4df0-b618-782985396946,Hotels
319023c3-0e26-4fcf-9f60-0cc0038ebb9e,Hotel Cass,60f360a5-edc9-4df0-b618-782985396946,Hotels
383474ac-5960-410c-8c16-3d9efc04790d,Big Bus Tours Stop 7: Sheraton Grand Chicago,1874d4f2-bc80-4c8f-a116-32f5ee9f199a,Big Bus Tours Stops
38b7edc6-48db-4cf0-9aae-4d05963637c7,The LaSalle,60f360a5-edc9-4df0-b618-782985396946,Hotels
38d22200-3acd-46b2-8dfa-c345796faabe,Midland Hotel,60f360a5-edc9-4df0-b618-782985396946,Hotels
3916f62a-4a56-4ad7-9598-6ae0713d0602,Drake,60f360a5-edc9-4df0-b618-782985396946,Hotels
3930c498-4afe-43fd-a7d7-0501b64eaaec,Whitehall,60f360a5-edc9-4df0-b618-782985396946,Hotels
3940b0f9-eb88-4682-9d1b-0335dd3bde13,Arlo,60f360a5-edc9-4df0-b618-782985396946,Hotels
398f0ab3-55e0-45e0-8309-0a25178ed5d7,Courtyard by Marriott,60f360a5-edc9-4df0-b618-782985396946,Hotels
3a867f33-9c48-45e8-acb7-a5c95102a32a,Muddy Waters,0ef00d5e-edd8-4708-84ce-fb46d471f94f,Murals
3adf7ff3-a2c2-434e-afe7-b0d0d004153a,"The Hoxton, Chicago",60f360a5-edc9-4df0-b618-782985396946,Hotels
3af4c1b1-4d30-4910-ab84-59f346b1a544,Royal Sonesta River North,60f360a5-edc9-4df0-b618-782985396946,Hotels
3b8694ae-ef47-42dc-844d-f21f321a33af,Big Bus Tours Stop 6: Museum Campus,1874d4f2-bc80-4c8f-a116-32f5ee9f199a,Big Bus Tours Stops
3b97f91d-0aae-4060-a574-04bcb09f5357,CIBC Theatre,f9b15bb5-2599-4d3b-a116-c3bc7e1f668c,Theaters And Music Venues
3f423ab0-764c-495c-ab5d-f3b1ab3011c5,Museum of Contemporary Photography,a4d707b8-d9b5-45cd-b8e9-4e7642ded04d,Attractions
3f423ab0-764c-495c-ab5d-f3b1ab3011c5,Museum of Contemporary Photography,b3531d65-053c-420c-8b44-6076b45be5fa,Museums
3f8aed41-a707-4454-b61b-3eb2c69ec9ea,Fairfield Inn,60f360a5-edc9-4df0-b618-782985396946,Hotels
3fd80f7d-ab09-4088-9796-9571a14a7926,Clark Street in Lincoln Park,a983cb1b-95cb-44df-aab0-5410b0623553,Hot Spots
3fd80f7d-ab09-4088-9796-9571a14a7926,Clark Street in Lincoln Park,c6cb8f21-c328-4e3f-a9c5-1f85bca17d4d,Neighborhood Organizations
3fe93f70-12cb-4edd-9134-eabc077a6747,Portillo's,c694d327-280e-42d0-906a-cc8ea3d5e85b,Restaurants
4011b915-7580-48ef-9a44-fd2e17713b22,Kinzie,60f360a5-edc9-4df0-b618-782985396946,Hotels
41293769-1c78-4c45-b118-1e7c5a114446,Renaissance,60f360a5-edc9-4df0-b618-782985396946,Hotels
4321da98-3d3a-43d9-8fba-c877ed562a22,Chicago Fireboat Tours,a4d707b8-d9b5-45cd-b8e9-4e7642ded04d,Attractions
433ff4c9-6138-4dcf-8ab2-584fe99b0e52,Soho House Chicago,60f360a5-edc9-4df0-b618-782985396946,Hotels
433ff4c9-6138-4dcf-8ab2-584fe99b0e52,Soho House Chicago,c694d327-280e-42d0-906a-cc8ea3d5e85b,Restaurants
435895c4-409d-4dd4-ab79-bf1181e7ec9d,Acme,60f360a5-edc9-4df0-b618-782985396946,Hotels
43c8ff8f-4ef6-4ecb-8b25-7474652c1217,Wrigley Building,a4d707b8-d9b5-45cd-b8e9-4e7642ded04d,Attractions
43e97c98-e7c7-4f6c-8b71-0d4c2fd73fdd,Hampton Inn & Suites Chicago Medical District UIC,60f360a5-edc9-4df0-b618-782985396946,Hotels
44084bc7-1d6b-4c96-9c5c-cb49ed36427f,Navy Pier,a4d707b8-d9b5-45cd-b8e9-4e7642ded04d,Attractions
44084bc7-1d6b-4c96-9c5c-cb49ed36427f,Navy Pier,a983cb1b-95cb-44df-aab0-5410b0623553,Hot Spots
4563ec56-276b-4e55-b02c-cf4036ae1c96,Greek Islands,c694d327-280e-42d0-906a-cc8ea3d5e85b,Restaurants
4564da6b-a91a-432f-b482-cbb545f48a76,Raising Cane鈥檚 Chicken Fingers - West Loop,a983cb1b-95cb-44df-aab0-5410b0623553,Hot Spots
4564da6b-a91a-432f-b482-cbb545f48a76,Raising Cane鈥檚 Chicken Fingers - West Loop,c694d327-280e-42d0-906a-cc8ea3d5e85b,Restaurants
46c33928-32af-4426-8ec5-db96d42edf83,Timothy O'Toole's Pub,ae72a1a9-ea1d-43f9-a8e5-4b0537018f4f,Bars
46c33928-32af-4426-8ec5-db96d42edf83,Timothy O'Toole's Pub,c694d327-280e-42d0-906a-cc8ea3d5e85b,Restaurants
47318a7a-5aff-4d4d-9008-a63150b750c7,Freehand,60f360a5-edc9-4df0-b618-782985396946,Hotels
474f8583-85d9-4747-bfe2-5fa04da99521,Le Meridien Essex,60f360a5-edc9-4df0-b618-782985396946,Hotels
475955a8-f41b-4c88-9969-e8f529405a83,Swissotel,60f360a5-edc9-4df0-b618-782985396946,Hotels
4794a41b-886c-41e5-b298-63d0db8c936c,McCormick Place,a4d707b8-d9b5-45cd-b8e9-4e7642ded04d,Attractions
4838d755-387e-4cc1-80f3-438ee12c5de0,Athena Greek Restaurant,c694d327-280e-42d0-906a-cc8ea3d5e85b,Restaurants
493862ce-28cd-4fe3-99ec-ebc8911fa07c,Kasama,62cb379b-afe0-4eee-b7c5-d8bb93abc088,Movie & Tv Locations
493862ce-28cd-4fe3-99ec-ebc8911fa07c,Kasama,c694d327-280e-42d0-906a-cc8ea3d5e85b,Restaurants
496eb597-d0ef-4312-8cbc-e5c8a49de418,Gale,60f360a5-edc9-4df0-b618-782985396946,Hotels
497b3804-7683-47ce-b80b-918bba77d900,Legal Sea Foods,c694d327-280e-42d0-906a-cc8ea3d5e85b,Restaurants
49807a9e-2ffc-49a6-bb8f-5be0c67b9e5a,Holiday Inn Wolf Point,60f360a5-edc9-4df0-b618-782985396946,Hotels
49e46442-273f-4d1e-9f76-564b655261c6,Garrett Popcorn Shops,a983cb1b-95cb-44df-aab0-5410b0623553,Hot Spots
49e46442-273f-4d1e-9f76-564b655261c6,Garrett Popcorn Shops,d9f34546-cb34-4f1f-88b8-fdc9955ba3e5,Shops
4a0a0b11-5a2a-46c7-b709-be07c03f6fb2,Hyatt Place Chicago - Medical / University District,60f360a5-edc9-4df0-b618-782985396946,Hotels
4a0a0b11-5a2a-46c7-b709-be07c03f6fb2,Hyatt Place Chicago - Medical / University District,62cb379b-afe0-4eee-b7c5-d8bb93abc088,Movie & Tv Locations
4b3e4257-6f66-4fb6-b13f-a32620b36a7b,Warwick Allerton,60f360a5-edc9-4df0-b618-782985396946,Hotels
4c25e6f0-230a-4ea9-99c0-8ac30a809d4f,Courtyard by Marriott Chicago at Medical District/UIC,60f360a5-edc9-4df0-b618-782985396946,Hotels
4c4aaf2e-2e5d-4508-9d4e-42a85223f47d,Ever Restaurant,62cb379b-afe0-4eee-b7c5-d8bb93abc088,Movie & Tv Locations
4c4aaf2e-2e5d-4508-9d4e-42a85223f47d,Ever Restaurant,c694d327-280e-42d0-906a-cc8ea3d5e85b,Restaurants
4ca9eb0b-6bf7-44f6-b931-3f5e3a744f30,Purple Pig,c694d327-280e-42d0-906a-cc8ea3d5e85b,Restaurants
4d32cae3-7157-45d5-9e40-2282b4086a5b,Third Rail Tavern,ae72a1a9-ea1d-43f9-a8e5-4b0537018f4f,Bars
4d32cae3-7157-45d5-9e40-2282b4086a5b,Third Rail Tavern,c694d327-280e-42d0-906a-cc8ea3d5e85b,Restaurants
4e0f0984-f108-4933-970b-c69ea1477f4f,Saigon Sisters,c694d327-280e-42d0-906a-cc8ea3d5e85b,Restaurants
4ec76099-f6f8-4a85-8a18-f18198507539,Pendry,60f360a5-edc9-4df0-b618-782985396946,Hotels
4eccac9d-8e60-4c8a-908c-43525f504183,Lizzie McNeil's,ae72a1a9-ea1d-43f9-a8e5-4b0537018f4f,Bars
4eccac9d-8e60-4c8a-908c-43525f504183,Lizzie McNeil's,c694d327-280e-42d0-906a-cc8ea3d5e85b,Restaurants
500b3ef0-5a38-4656-b314-3fd541ae27bc,Staypineapple,60f360a5-edc9-4df0-b618-782985396946,Hotels
500cbafd-8445-4653-8040-b1b454a4b1d3,Millennium Knickerbocker,60f360a5-edc9-4df0-b618-782985396946,Hotels
502a1d5c-6f47-4307-a5b8-49fd24841a75,Big Bus Tours Stop 1: Chicago Riverwalk,1874d4f2-bc80-4c8f-a116-32f5ee9f199a,Big Bus Tours Stops
52bd65c2-e431-4558-90a6-6dd907ff5a2b,Vosges Haut-Chocolat,d9f34546-cb34-4f1f-88b8-fdc9955ba3e5,Shops
538a2300-ab23-4f1e-bac8-591867e2eafa,Osteria del Pastaio,a983cb1b-95cb-44df-aab0-5410b0623553,Hot Spots
538a2300-ab23-4f1e-bac8-591867e2eafa,Osteria del Pastaio,c694d327-280e-42d0-906a-cc8ea3d5e85b,Restaurants
5403e57a-fb4b-4d5a-8aa8-80cc0f431167,Hampton Inn Chicago Downtown West Loop,60f360a5-edc9-4df0-b618-782985396946,Hotels
54f43a24-6df1-4701-9306-aeac712aebf4,Hyatt House Chicago / West Loop-Fulton Market,60f360a5-edc9-4df0-b618-782985396946,Hotels
55333bd3-7b75-46b6-bbb8-183eebac0b89,Cambria,60f360a5-edc9-4df0-b618-782985396946,Hotels
586ae800-1ded-4428-9079-087fcc39aba0,Al's #1 Italian Beef - River North,c694d327-280e-42d0-906a-cc8ea3d5e85b,Restaurants
58c6c442-eff7-40e3-ab21-589ecb0319c9,Fogo de Chao,c694d327-280e-42d0-906a-cc8ea3d5e85b,Restaurants
58ee6c88-2f41-489a-9c6d-360c9315519d,Audrey,60f360a5-edc9-4df0-b618-782985396946,Hotels
5abb98ff-e43b-46d0-9903-7da66ad3948f,The Wade,60f360a5-edc9-4df0-b618-782985396946,Hotels
5b6e548e-d108-4995-9f1a-4ad228819e21,Geja's Cafe,a983cb1b-95cb-44df-aab0-5410b0623553,Hot Spots
5b6e548e-d108-4995-9f1a-4ad228819e21,Geja's Cafe,c694d327-280e-42d0-906a-cc8ea3d5e85b,Restaurants
5b81f334-a75b-4040-80c7-9d2f2089f419,Holiday Inn & Suites Chicago,60f360a5-edc9-4df0-b618-782985396946,Hotels
5bb06c4f-bee0-45b7-8b35-c24ceb07bdb2,Billy Goat Tavern (near United Center),ae72a1a9-ea1d-43f9-a8e5-4b0537018f4f,Bars
5bb06c4f-bee0-45b7-8b35-c24ceb07bdb2,Billy Goat Tavern (near United Center),c694d327-280e-42d0-906a-cc8ea3d5e85b,Restaurants
5bb072e4-f584-4060-9ea3-a298c4484596,Field Museum of Natural History,a4d707b8-d9b5-45cd-b8e9-4e7642ded04d,Attractions
5bb072e4-f584-4060-9ea3-a298c4484596,Field Museum of Natural History,b3531d65-053c-420c-8b44-6076b45be5fa,Museums
5c9865f0-0768-465d-b0aa-bf2aa974327a,Robert's Pizza & Dough Company,a983cb1b-95cb-44df-aab0-5410b0623553,Hot Spots
5c9865f0-0768-465d-b0aa-bf2aa974327a,Robert's Pizza & Dough Company,c694d327-280e-42d0-906a-cc8ea3d5e85b,Restaurants
5e3ec46b-496d-4536-b068-465aa2f01853,Mario's Italian Lemonade,c694d327-280e-42d0-906a-cc8ea3d5e85b,Restaurants
5e91b706-eae2-4e5e-8ae3-085bc517de57,Flyover Chicago,a4d707b8-d9b5-45cd-b8e9-4e7642ded04d,Attractions
5e91b706-eae2-4e5e-8ae3-085bc517de57,Flyover Chicago,a983cb1b-95cb-44df-aab0-5410b0623553,Hot Spots
5e9d09c4-ace3-4d87-9e6d-7b0cc5e844fb,LondonHouse,60f360a5-edc9-4df0-b618-782985396946,Hotels
5f80e827-2e15-40f7-b873-1963d407d632,Lyric Opera of Chicago,a983cb1b-95cb-44df-aab0-5410b0623553,Hot Spots
5f80e827-2e15-40f7-b873-1963d407d632,Lyric Opera of Chicago,f9b15bb5-2599-4d3b-a116-c3bc7e1f668c,Theaters And Music Venues
5fa3f7a6-0017-4fa2-9523-fc815ff7e1df,Park Hyatt,60f360a5-edc9-4df0-b618-782985396946,Hotels
5ff70bc9-91d7-49f3-8042-b7821c112e39,Embassy Suites,60f360a5-edc9-4df0-b618-782985396946,Hotels
6024e9cc-a4c0-4c80-9945-21a570cabfbc,Chicago Brewhouse,a983cb1b-95cb-44df-aab0-5410b0623553,Hot Spots
6024e9cc-a4c0-4c80-9945-21a570cabfbc,Chicago Brewhouse,ae72a1a9-ea1d-43f9-a8e5-4b0537018f4f,Bars
6024e9cc-a4c0-4c80-9945-21a570cabfbc,Chicago Brewhouse,c694d327-280e-42d0-906a-cc8ea3d5e85b,Restaurants
602e19a8-8126-4447-b125-4ea6bf2f2c19,SpringHill Suites,60f360a5-edc9-4df0-b618-782985396946,Hotels
61768a34-2c0f-45d4-9905-974768fb63ec,Lincoln Park Zoo,a4d707b8-d9b5-45cd-b8e9-4e7642ded04d,Attractions
61bfc9ff-2746-4485-977a-c1b6b1d66a92,Garrett Popcorn Shops,a983cb1b-95cb-44df-aab0-5410b0623553,Hot Spots
61bfc9ff-2746-4485-977a-c1b6b1d66a92,Garrett Popcorn Shops,d9f34546-cb34-4f1f-88b8-fdc9955ba3e5,Shops
645a1c01-9051-4ef4-939b-a92521c4abe6,Lou Malnati's,c694d327-280e-42d0-906a-cc8ea3d5e85b,Restaurants
64b4a648-f762-4fa8-9967-3e9b9627f5b3,McDonald's,c694d327-280e-42d0-906a-cc8ea3d5e85b,Restaurants
6504e7b0-83d9-4b44-85af-12459e176e9d,Viaggio Restaurant Chicago,c694d327-280e-42d0-906a-cc8ea3d5e85b,Restaurants
650999f0-df5c-464b-872c-7614deae2905,Nancy's Pizza West Loop,a983cb1b-95cb-44df-aab0-5410b0623553,Hot Spots
650999f0-df5c-464b-872c-7614deae2905,Nancy's Pizza West Loop,c694d327-280e-42d0-906a-cc8ea3d5e85b,Restaurants
66a2e0b5-bc45-4fe7-aae5-87a74cf890d7,Union Park,73a6f729-b6f6-4518-b28a-e8101b831263,Parks
6887c2a9-8d97-4ae5-8c8d-4d3d5648ce91,Homewood Suites by Hilton Chicago Downtown West Loop,60f360a5-edc9-4df0-b618-782985396946,Hotels
688d2d72-32ae-4cea-adb9-6e02cd0fd2e8,Apple Store,d9f34546-cb34-4f1f-88b8-fdc9955ba3e5,Shops
689fdcc8-ef66-4b89-8404-dafba4f5344d,Swift & Sons,c694d327-280e-42d0-906a-cc8ea3d5e85b,Restaurants
69466b09-ac7c-4b96-b83e-11c91756b7f6,Goodman Theater Center,f9b15bb5-2599-4d3b-a116-c3bc7e1f668c,Theaters And Music Venues
69823c0c-c554-444b-b769-1b8eb2fcbc6c,Best Western,60f360a5-edc9-4df0-b618-782985396946,Hotels
6a0b7867-8566-44cd-a074-e66d82e34e87,Best Western Grant Park,60f360a5-edc9-4df0-b618-782985396946,Hotels
6a4649f5-b11a-43e0-af7a-b9cc69837daf,Color Factory,a4d707b8-d9b5-45cd-b8e9-4e7642ded04d,Attractions
6a4649f5-b11a-43e0-af7a-b9cc69837daf,Color Factory,a983cb1b-95cb-44df-aab0-5410b0623553,Hot Spots
6b45568d-789c-4c66-b9ce-43ee7a6c1d31,Blackstone,60f360a5-edc9-4df0-b618-782985396946,Hotels
6b55795c-669e-435e-8971-37fde427393a,Sports Illustrated Resorts,60f360a5-edc9-4df0-b618-782985396946,Hotels
6cca4736-63f4-4a7f-b71b-be746ff8a068,Hyatt Regency,60f360a5-edc9-4df0-b618-782985396946,Hotels
6cd79913-3dea-403b-a76b-2424d394b2cb,Sonesta ES,60f360a5-edc9-4df0-b618-782985396946,Hotels
6cf9b47c-e237-456a-876d-8ba9028bf56e,Chicago's North Shore,a983cb1b-95cb-44df-aab0-5410b0623553,Hot Spots
6cf9b47c-e237-456a-876d-8ba9028bf56e,Chicago's North Shore,c6cb8f21-c328-4e3f-a9c5-1f85bca17d4d,Neighborhood Organizations
6e66516a-10f6-4a13-885d-c9c144bc2dfb,Eurostars,60f360a5-edc9-4df0-b618-782985396946,Hotels
6f976c55-fd09-4024-a2d4-e20cb355a109,Route 66 in Illinois,a4d707b8-d9b5-45cd-b8e9-4e7642ded04d,Attractions
6f976c55-fd09-4024-a2d4-e20cb355a109,Route 66 in Illinois,a983cb1b-95cb-44df-aab0-5410b0623553,Hot Spots
70b5a14e-2929-4a35-8e6c-682c14adb4ae,Lou Malnati's,c694d327-280e-42d0-906a-cc8ea3d5e85b,Restaurants
72384069-0f15-4a7b-9c0a-fb47c2804458,Nordstrom,d9f34546-cb34-4f1f-88b8-fdc9955ba3e5,Shops
7281a264-4f29-4522-b9fc-c44d317f6c2c,Smith & Wollensky,c694d327-280e-42d0-906a-cc8ea3d5e85b,Restaurants
73cd3c5e-f16f-432a-9e52-9f323843a227,Big Bus Tours Stop 3: Millennium Park & The Art Institute of Chicago,1874d4f2-bc80-4c8f-a116-32f5ee9f199a,Big Bus Tours Stops
76231451-71c1-4913-a88d-5e7fbba20bf5,JW Marriott,60f360a5-edc9-4df0-b618-782985396946,Hotels
762fee73-00d8-411a-b65e-1d7c11d6bde2,Hampton Inn,60f360a5-edc9-4df0-b618-782985396946,Hotels
776ef29b-6386-4d97-a304-df47b1e396fb,Richard's Bar,ae72a1a9-ea1d-43f9-a8e5-4b0537018f4f,Bars
791cac93-cc0f-4860-a7be-73a1d128683e,Museum of Illusions,a4d707b8-d9b5-45cd-b8e9-4e7642ded04d,Attractions
791cac93-cc0f-4860-a7be-73a1d128683e,Museum of Illusions,b3531d65-053c-420c-8b44-6076b45be5fa,Museums
79a27190-9265-4396-bcca-83b8244de8aa,Cadillac Palace Theatre,f9b15bb5-2599-4d3b-a116-c3bc7e1f668c,Theaters And Music Venues
79c73935-be40-401f-aa8c-c8956c93cc6d,Hampton Inn,60f360a5-edc9-4df0-b618-782985396946,Hotels
7a563d54-ec86-402d-926c-916c80026b36,Hotel Chicago West Loop,60f360a5-edc9-4df0-b618-782985396946,Hotels
7b4c802b-601b-44b2-99e1-9b65232ea8a4,Thompson,60f360a5-edc9-4df0-b618-782985396946,Hotels
7c3b8e81-125d-4e29-8540-b9f6c9b5214a,Union Station,62cb379b-afe0-4eee-b7c5-d8bb93abc088,Movie & Tv Locations
7e7a14e6-4a70-44d0-8dac-2a4ac9b58de5,Skydeck Chicago,a4d707b8-d9b5-45cd-b8e9-4e7642ded04d,Attractions
7e7a14e6-4a70-44d0-8dac-2a4ac9b58de5,Skydeck Chicago,a983cb1b-95cb-44df-aab0-5410b0623553,Hot Spots
7f27b473-2df0-4bfa-a7f5-f41117322754,Huntington Bank Pavilion,f9b15bb5-2599-4d3b-a116-c3bc7e1f668c,Theaters And Music Venues
7f85d039-6d56-4b3b-bfc6-5e7be75a66e3,Level Old Town,60f360a5-edc9-4df0-b618-782985396946,Hotels
8077f748-42ac-4106-8c88-6f555d271139,Ritz-Carlton,60f360a5-edc9-4df0-b618-782985396946,Hotels
82e5dffe-e6da-4af9-8f19-a706a05c4ed7,Ambassador,60f360a5-edc9-4df0-b618-782985396946,Hotels
83383f69-4211-4868-9b20-d6a6e89f86ed,Residence Inn,60f360a5-edc9-4df0-b618-782985396946,Hotels
83423881-a11f-48f0-814d-266668071b17,Hyatt Regency McCormick Place,60f360a5-edc9-4df0-b618-782985396946,Hotels
85fbd452-0b78-45e4-818b-a5584650a5be,Rosebud on Rush,c694d327-280e-42d0-906a-cc8ea3d5e85b,Restaurants
88460c5f-46f6-403e-bf64-d493b3084558,Hotel BnB,60f360a5-edc9-4df0-b618-782985396946,Hotels
8a157812-2a9d-4f20-943e-d47d8ed2d3c4,Stetson's,c694d327-280e-42d0-906a-cc8ea3d5e85b,Restaurants
8b5fad17-43c4-47e2-80a3-fb39b631333b,L7 by Lotte,60f360a5-edc9-4df0-b618-782985396946,Hotels
8c1f57a0-ef66-484e-af4c-2440c7d1b4d1,Hilton Garden Inn/Hampton Inn/Home2 Suites,60f360a5-edc9-4df0-b618-782985396946,Hotels
8c84468c-e58a-4eb7-acba-a9d1932f872a,Goose Island Taproom,ae72a1a9-ea1d-43f9-a8e5-4b0537018f4f,Bars
8c84468c-e58a-4eb7-acba-a9d1932f872a,Goose Island Taproom,c694d327-280e-42d0-906a-cc8ea3d5e85b,Restaurants
8cb3a078-97e0-468e-aa20-67eb3be462d6,Embassy Suites,60f360a5-edc9-4df0-b618-782985396946,Hotels
8d560815-fdab-4531-be30-fa65f7595c5b,Homewood Suites Hilton Garden Inn,60f360a5-edc9-4df0-b618-782985396946,Hotels
8e8e448e-fe9d-43ff-8550-f301f9b79dad,Courtyard by Marriott,60f360a5-edc9-4df0-b618-782985396946,Hotels
8f0d5ae9-1531-4794-8e0b-8e12d53b318e,Garrett Popcorn Shops,a983cb1b-95cb-44df-aab0-5410b0623553,Hot Spots
8f0d5ae9-1531-4794-8e0b-8e12d53b318e,Garrett Popcorn Shops,d9f34546-cb34-4f1f-88b8-fdc9955ba3e5,Shops
90b8cde4-6823-4348-ad72-f07edacea59e,Doubletree,60f360a5-edc9-4df0-b618-782985396946,Hotels
9105ebb9-a0c7-4a58-aa27-58821bedd89b,Talbott,60f360a5-edc9-4df0-b618-782985396946,Hotels
9146e451-276b-4918-b301-7ae41e933810,Chicago Symphony Orchestra,a983cb1b-95cb-44df-aab0-5410b0623553,Hot Spots
9146e451-276b-4918-b301-7ae41e933810,Chicago Symphony Orchestra,f9b15bb5-2599-4d3b-a116-c3bc7e1f668c,Theaters And Music Venues
9200c01b-a9aa-446f-b67b-ac7b9a743639,Nike,d9f34546-cb34-4f1f-88b8-fdc9955ba3e5,Shops
92b7eee6-5f57-4099-9e24-b6ae729f2e3a,Rosetta Italian,c694d327-280e-42d0-906a-cc8ea3d5e85b,Restaurants
92ccb9c1-3fd2-4b19-9157-659af3f1c129,Hyatt Place,60f360a5-edc9-4df0-b618-782985396946,Hotels
9373e01a-e0dd-4ac4-8b9e-4cef1bd81911,Yolk - South Loop,a983cb1b-95cb-44df-aab0-5410b0623553,Hot Spots
9373e01a-e0dd-4ac4-8b9e-4cef1bd81911,Yolk - South Loop,c694d327-280e-42d0-906a-cc8ea3d5e85b,Restaurants
9383a251-cbcd-48ff-a3a7-6cc85d70b7a2,Four Seasons,60f360a5-edc9-4df0-b618-782985396946,Hotels
93bbbf41-6a56-4d8d-a9e4-188e947d9d02,EMC2,60f360a5-edc9-4df0-b618-782985396946,Hotels
93c68218-7af9-4718-83e9-186def3d0026,The Shops at North Bridge,d9f34546-cb34-4f1f-88b8-fdc9955ba3e5,Shops
94657afc-0436-421f-b928-de0f464c8351,Emerald Loop,a983cb1b-95cb-44df-aab0-5410b0623553,Hot Spots
94657afc-0436-421f-b928-de0f464c8351,Emerald Loop,ae72a1a9-ea1d-43f9-a8e5-4b0537018f4f,Bars
94657afc-0436-421f-b928-de0f464c8351,Emerald Loop,c694d327-280e-42d0-906a-cc8ea3d5e85b,Restaurants
94e40694-a823-4b46-a8c2-cad148f2dacd,Ping Tom Park,73a6f729-b6f6-4518-b28a-e8101b831263,Parks
9535776b-f785-4ea4-8376-0f7597db114e,Chicago Shakespeare Theater,f9b15bb5-2599-4d3b-a116-c3bc7e1f668c,Theaters And Music Venues
983de8e2-e0c4-481b-a2e4-dcee9576464b,Richard H. Driehaus Museum,a4d707b8-d9b5-45cd-b8e9-4e7642ded04d,Attractions
983de8e2-e0c4-481b-a2e4-dcee9576464b,Richard H. Driehaus Museum,b3531d65-053c-420c-8b44-6076b45be5fa,Museums
9887104e-c3d1-48b3-adfa-cabd5303713d,WNDR Museum,a983cb1b-95cb-44df-aab0-5410b0623553,Hot Spots
9887104e-c3d1-48b3-adfa-cabd5303713d,WNDR Museum,b3531d65-053c-420c-8b44-6076b45be5fa,Museums
9aa11a0d-8a30-4044-821f-99bb30904ca3,Radisson Blu,60f360a5-edc9-4df0-b618-782985396946,Hotels
9b230cd5-0362-4a8a-9f5b-8ca06bc30803,Shoreline Sightseeing,a4d707b8-d9b5-45cd-b8e9-4e7642ded04d,Attractions
9b230cd5-0362-4a8a-9f5b-8ca06bc30803,Shoreline Sightseeing,a983cb1b-95cb-44df-aab0-5410b0623553,Hot Spots
9b5e593d-e1db-46ae-a15b-f2d9b3eb224d,Ukrainian National Museum,a4d707b8-d9b5-45cd-b8e9-4e7642ded04d,Attractions
9b5e593d-e1db-46ae-a15b-f2d9b3eb224d,Ukrainian National Museum,b3531d65-053c-420c-8b44-6076b45be5fa,Museums
9bc1b4fa-ea16-47e4-a091-33e5e3969a05,Silversmith,60f360a5-edc9-4df0-b618-782985396946,Hotels
9c408364-019f-4639-bc18-46f728259492,Omni,60f360a5-edc9-4df0-b618-782985396946,Hotels
9e5dc789-a3a2-4c2a-8646-574ad5c1f294,The Publishing House Bed and Breakfast,60f360a5-edc9-4df0-b618-782985396946,Hotels
a06bbd92-c336-49f9-908b-a697a0b25d60,Shedd Aquarium,a4d707b8-d9b5-45cd-b8e9-4e7642ded04d,Attractions
a06bbd92-c336-49f9-908b-a697a0b25d60,Shedd Aquarium,b3531d65-053c-420c-8b44-6076b45be5fa,Museums
a0d0c5ec-074e-4fb4-b112-9caee21d717a,Oak Street District,c6cb8f21-c328-4e3f-a9c5-1f85bca17d4d,Neighborhood Organizations
a0d0c5ec-074e-4fb4-b112-9caee21d717a,Oak Street District,d9f34546-cb34-4f1f-88b8-fdc9955ba3e5,Shops
a3cfdda6-ce51-4d35-83f3-ac6dd89485a9,Bloomingdale's,d9f34546-cb34-4f1f-88b8-fdc9955ba3e5,Shops
a504677e-8562-4ce1-af83-e0bf6c4a4112,Merchandise Mart,a4d707b8-d9b5-45cd-b8e9-4e7642ded04d,Attractions
a63cda67-4022-422d-98a5-26090e93a8fe,Millennium Hall,c694d327-280e-42d0-906a-cc8ea3d5e85b,Restaurants
a671d42f-4db6-46b0-a6e4-78c0a7d1af0e,Tzuco,c694d327-280e-42d0-906a-cc8ea3d5e85b,Restaurants
a7079f7b-1af4-4663-993e-8c2099d4daf6,Tapas Valencia,c694d327-280e-42d0-906a-cc8ea3d5e85b,Restaurants
a7a8852d-df90-4edc-aada-644177987a76,Buckingham Fountain,a4d707b8-d9b5-45cd-b8e9-4e7642ded04d,Attractions
a7c60d6b-97eb-4987-a9d3-56dcbb44e326,Yolk - West Loop,a983cb1b-95cb-44df-aab0-5410b0623553,Hot Spots
a7c60d6b-97eb-4987-a9d3-56dcbb44e326,Yolk - West Loop,c694d327-280e-42d0-906a-cc8ea3d5e85b,Restaurants
a80991f7-6c46-4acf-b640-6d2417e81457,Recess,ae72a1a9-ea1d-43f9-a8e5-4b0537018f4f,Bars
a80991f7-6c46-4acf-b640-6d2417e81457,Recess,c694d327-280e-42d0-906a-cc8ea3d5e85b,Restaurants
a831daee-9505-4d4b-84fb-4a55ad091ac1,Soldier Field Tour,5dbd356a-9eb3-4d13-8472-315652f4161f,Sports Venues
a831daee-9505-4d4b-84fb-4a55ad091ac1,Soldier Field Tour,a4d707b8-d9b5-45cd-b8e9-4e7642ded04d,Attractions
a831daee-9505-4d4b-84fb-4a55ad091ac1,Soldier Field Tour,a983cb1b-95cb-44df-aab0-5410b0623553,Hot Spots
a8c510fa-71bb-484e-b1af-896674f19c21,The Evie,a983cb1b-95cb-44df-aab0-5410b0623553,Hot Spots
a8c510fa-71bb-484e-b1af-896674f19c21,The Evie,c694d327-280e-42d0-906a-cc8ea3d5e85b,Restaurants
aa34c73a-30c5-4912-a591-89108c676cf3,Voco,60f360a5-edc9-4df0-b618-782985396946,Hotels
aa5afcf1-8a6f-4c19-a492-bbd302e1fd97,Island Party Hut,ae72a1a9-ea1d-43f9-a8e5-4b0537018f4f,Bars
aa5afcf1-8a6f-4c19-a492-bbd302e1fd97,Island Party Hut,c694d327-280e-42d0-906a-cc8ea3d5e85b,Restaurants
acdb5bdf-ab35-4134-8258-dfdce026c0a4,Eataly,c694d327-280e-42d0-906a-cc8ea3d5e85b,Restaurants
ad1fcf8e-54cf-4c6d-b30b-56716f9de35c,Fairfield Inn,60f360a5-edc9-4df0-b618-782985396946,Hotels
ad80bfc5-a050-4c70-a66d-08433c54aa23,National Hellenic Museum,a4d707b8-d9b5-45cd-b8e9-4e7642ded04d,Attractions
ad80bfc5-a050-4c70-a66d-08433c54aa23,National Hellenic Museum,b3531d65-053c-420c-8b44-6076b45be5fa,Museums
adfcbe83-44e3-48cd-b9e8-21a774b4dfa8,United Center,5dbd356a-9eb3-4d13-8472-315652f4161f,Sports Venues
afd352e9-eb35-435d-b619-494b8f64a389,Hilton Garden Inn,60f360a5-edc9-4df0-b618-782985396946,Hotels
afe574c9-23ae-47e7-a407-442c93a17403,City Cruises Chicago,a4d707b8-d9b5-45cd-b8e9-4e7642ded04d,Attractions
afe574c9-23ae-47e7-a407-442c93a17403,City Cruises Chicago,a983cb1b-95cb-44df-aab0-5410b0623553,Hot Spots
b00df4de-805e-4940-a4af-28eb69888de9,TraveLodge,60f360a5-edc9-4df0-b618-782985396946,Hotels
b10ac59a-3998-4304-bf3b-59926ff0937e,Chicago French Market,c694d327-280e-42d0-906a-cc8ea3d5e85b,Restaurants
b27be0cb-8774-401b-9aaa-2d5c1fda212d,Maggie Daley Park,73a6f729-b6f6-4518-b28a-e8101b831263,Parks
b30e7e7a-9999-4a0b-91d5-d2035a4ebe93,Fashion Outlets of Chicago,a983cb1b-95cb-44df-aab0-5410b0623553,Hot Spots
b30e7e7a-9999-4a0b-91d5-d2035a4ebe93,Fashion Outlets of Chicago,d9f34546-cb34-4f1f-88b8-fdc9955ba3e5,Shops
b3282532-392f-4a65-bb0f-7a6e21fac982,Raising Cane's Chicken Fingers - Loop,a983cb1b-95cb-44df-aab0-5410b0623553,Hot Spots
b3282532-392f-4a65-bb0f-7a6e21fac982,Raising Cane's Chicken Fingers - Loop,c694d327-280e-42d0-906a-cc8ea3d5e85b,Restaurants
b3e0f981-4a6c-4249-881e-f7c0df856fdb,St. Clair,60f360a5-edc9-4df0-b618-782985396946,Hotels
b43586e8-0812-4c14-926d-f3fcda24410e,The Blake,60f360a5-edc9-4df0-b618-782985396946,Hotels
b704aaa2-37b1-4615-8a6c-e5478ff2948b,Big Bus Tours Stop 5: Adler Planetarium,1874d4f2-bc80-4c8f-a116-32f5ee9f199a,Big Bus Tours Stops
b7849405-a2a4-475d-8129-81f9191b3300,Flight Club,ae72a1a9-ea1d-43f9-a8e5-4b0537018f4f,Bars
b7849405-a2a4-475d-8129-81f9191b3300,Flight Club,c694d327-280e-42d0-906a-cc8ea3d5e85b,Restaurants
b7bb46e5-edda-4ca6-9c29-c06644601edb,Monteverde Restaurant & Pastificio,c694d327-280e-42d0-906a-cc8ea3d5e85b,Restaurants
b80ec83e-e032-4d97-be24-bad2c7c4f757,Allegro Royal Sonesta,60f360a5-edc9-4df0-b618-782985396946,Hotels
b86cafa4-79b2-4c30-8215-918bee24f61e,Macy's State St.,d9f34546-cb34-4f1f-88b8-fdc9955ba3e5,Shops
b95a7e34-9cd6-41cd-9445-5c9d905dcba8,The Barn Hockey Bar,ae72a1a9-ea1d-43f9-a8e5-4b0537018f4f,Bars
b9e02a40-1389-431c-bc6c-ead789abf090,Nordstrom Rack,d9f34546-cb34-4f1f-88b8-fdc9955ba3e5,Shops
bb6b095b-cdc7-49d3-a283-cd53caaedc4e,Hotel InterContinental,60f360a5-edc9-4df0-b618-782985396946,Hotels
bbc4e2eb-efbe-4bc9-83e2-2a38efc61db0,The Gwen,60f360a5-edc9-4df0-b618-782985396946,Hotels
bcc3dcec-87ce-4e0f-a20b-384b990e19b7,Loews,60f360a5-edc9-4df0-b618-782985396946,Hotels
bdf89f72-fa5a-4eb4-9564-e958db6bbac0,Jane Addams Memorial Park,73a6f729-b6f6-4518-b28a-e8101b831263,Parks
be53ba5f-2962-46fd-a56d-ed7a07d9d605,avec Restaurant,62cb379b-afe0-4eee-b7c5-d8bb93abc088,Movie & Tv Locations
be53ba5f-2962-46fd-a56d-ed7a07d9d605,avec Restaurant,c694d327-280e-42d0-906a-cc8ea3d5e85b,Restaurants
be664953-f2d7-4ae6-8e94-1101c88f1a2a,Raising Cane鈥檚 Chicken Fingers - Lincoln Park,a983cb1b-95cb-44df-aab0-5410b0623553,Hot Spots
be664953-f2d7-4ae6-8e94-1101c88f1a2a,Raising Cane鈥檚 Chicken Fingers - Lincoln Park,c694d327-280e-42d0-906a-cc8ea3d5e85b,Restaurants
be807ef4-c1d2-44bd-a480-2c64cecc4d46,Willis Tower,a4d707b8-d9b5-45cd-b8e9-4e7642ded04d,Attractions
bf592b8a-d87d-4dc2-a4a0-d4c45a7ac6a4,Nobu Hotel Chicago,60f360a5-edc9-4df0-b618-782985396946,Hotels
bf8c06e2-409f-499a-8a4c-ada9fc01960c,National Museum of Mexican Art,a4d707b8-d9b5-45cd-b8e9-4e7642ded04d,Attractions
bf8c06e2-409f-499a-8a4c-ada9fc01960c,National Museum of Mexican Art,b3531d65-053c-420c-8b44-6076b45be5fa,Museums
bfb83e19-804b-456f-8edb-a722716ecee2,Grapes & Grains,ae72a1a9-ea1d-43f9-a8e5-4b0537018f4f,Bars
c145a4a6-0a9c-4bce-9c0e-6e221e0563b8,Oak St. Beach,73a6f729-b6f6-4518-b28a-e8101b831263,Parks
c17b1d6d-11aa-49c2-a620-84bf72506d84,Theater of the Mind,a4d707b8-d9b5-45cd-b8e9-4e7642ded04d,Attractions
c17b1d6d-11aa-49c2-a620-84bf72506d84,Theater of the Mind,a983cb1b-95cb-44df-aab0-5410b0623553,Hot Spots
c17b1d6d-11aa-49c2-a620-84bf72506d84,Theater of the Mind,f9b15bb5-2599-4d3b-a116-c3bc7e1f668c,Theaters And Music Venues
c22148d9-acd8-4dd8-9d44-e32b3f7bcee0,Moxy,60f360a5-edc9-4df0-b618-782985396946,Hotels
c23bede8-6ac1-487a-a312-c333d1f1e265,Viceroy,60f360a5-edc9-4df0-b618-782985396946,Hotels
c335fe35-0888-4f48-95f2-a1d3046436d8,Pasta Veneta,a983cb1b-95cb-44df-aab0-5410b0623553,Hot Spots
c335fe35-0888-4f48-95f2-a1d3046436d8,Pasta Veneta,c694d327-280e-42d0-906a-cc8ea3d5e85b,Restaurants
c4e08b74-58c4-45cf-86e1-d17a3a3c5ea6,Harris Theater,f9b15bb5-2599-4d3b-a116-c3bc7e1f668c,Theaters And Music Venues
c56473d8-9447-409c-9a9f-6cdb2eea31e1,Willie Dixon Blues Heaven Foundation,a4d707b8-d9b5-45cd-b8e9-4e7642ded04d,Attractions
c56473d8-9447-409c-9a9f-6cdb2eea31e1,Willie Dixon Blues Heaven Foundation,b3531d65-053c-420c-8b44-6076b45be5fa,Museums
c8a62a0d-9360-475e-86f5-f7e6d844761c,Peninsula,60f360a5-edc9-4df0-b618-782985396946,Hotels
c8e2ab0a-cd1e-4a6a-953a-3bc83981ea04,Wintrust Arena,5dbd356a-9eb3-4d13-8472-315652f4161f,Sports Venues
cab5cddb-260e-424e-a706-59855f90b12f,The Neighborhood Hotel Little Italy,60f360a5-edc9-4df0-b618-782985396946,Hotels
cad45d01-caf0-4813-8421-f966ff4c8763,Hyatt Centric,60f360a5-edc9-4df0-b618-782985396946,Hotels
cb75a533-fc20-4a0e-ba44-c7cb493b9b5c,Water Tower,a4d707b8-d9b5-45cd-b8e9-4e7642ded04d,Attractions
cc926fb8-553c-47bc-82e2-16b8e013a2ae,Chicago Fire Department - Engine Co. 18,62cb379b-afe0-4eee-b7c5-d8bb93abc088,Movie & Tv Locations
cdcd0f08-0f9b-49d4-9fed-e825b3541754,Waldorf Astoria,60f360a5-edc9-4df0-b618-782985396946,Hotels
cdea5fbf-6b8f-4b44-8851-1ce8fccd6754,Shoreline Sightseeing,a4d707b8-d9b5-45cd-b8e9-4e7642ded04d,Attractions
cdea5fbf-6b8f-4b44-8851-1ce8fccd6754,Shoreline Sightseeing,a983cb1b-95cb-44df-aab0-5410b0623553,Hot Spots
ceeb4b63-3053-430f-9620-18e686ba3030,Yolk - Marina City,a983cb1b-95cb-44df-aab0-5410b0623553,Hot Spots
ceeb4b63-3053-430f-9620-18e686ba3030,Yolk - Marina City,c694d327-280e-42d0-906a-cc8ea3d5e85b,Restaurants
cfd1b838-43d3-4489-aa3a-13cd2dd03835,Found Chicago,60f360a5-edc9-4df0-b618-782985396946,Hotels
cff332f9-a23b-4e7a-8770-0c3f1baac092,Aloft,60f360a5-edc9-4df0-b618-782985396946,Hotels
d0c80aac-6895-4f2d-b1f1-ce4d653cd253,Big Bus Tours Stop 9: Water Tower & The Magnificent Mile,1874d4f2-bc80-4c8f-a116-32f5ee9f199a,Big Bus Tours Stops
d0dd29f4-691d-430e-bc60-3e3038313a29,Chicago History Museum,a4d707b8-d9b5-45cd-b8e9-4e7642ded04d,Attractions
d0dd29f4-691d-430e-bc60-3e3038313a29,Chicago History Museum,b3531d65-053c-420c-8b44-6076b45be5fa,Museums
d0e57bae-9562-4bb8-86c4-256ac993ef13,Chicago Cultural Center,a4d707b8-d9b5-45cd-b8e9-4e7642ded04d,Attractions
d0e57bae-9562-4bb8-86c4-256ac993ef13,Chicago Cultural Center,b3531d65-053c-420c-8b44-6076b45be5fa,Museums
d14fb43f-6832-4512-918e-9b1d33446f7c,Ohio St. Beach,73a6f729-b6f6-4518-b28a-e8101b831263,Parks
d2fb84ed-cfee-4f97-a122-ae1cad1ae003,Raising Cane鈥檚 Chicken Fingers - South Loop,a983cb1b-95cb-44df-aab0-5410b0623553,Hot Spots
d2fb84ed-cfee-4f97-a122-ae1cad1ae003,Raising Cane鈥檚 Chicken Fingers - South Loop,c694d327-280e-42d0-906a-cc8ea3d5e85b,Restaurants
d3d8f269-525c-4846-9cd1-cc87ecc10184,Corcoran's Grill & Pub,ae72a1a9-ea1d-43f9-a8e5-4b0537018f4f,Bars
d3d8f269-525c-4846-9cd1-cc87ecc10184,Corcoran's Grill & Pub,c694d327-280e-42d0-906a-cc8ea3d5e85b,Restaurants
d5148032-0c5f-467b-b29e-a5202d3af219,Big Bus Tours Stop 10: 360 Chicago,1874d4f2-bc80-4c8f-a116-32f5ee9f199a,Big Bus Tours Stops
d52b221c-280b-4f32-afcd-7939cec5f4fb,Block 37,d9f34546-cb34-4f1f-88b8-fdc9955ba3e5,Shops
d5c859ea-fbc5-4196-99ed-6082bb09354e,Palmer House Hilton,60f360a5-edc9-4df0-b618-782985396946,Hotels
d5ce36a8-2b44-42c5-ae84-ddabab2228ec,Moe's Cantina - River North,ae72a1a9-ea1d-43f9-a8e5-4b0537018f4f,Bars
d5ce36a8-2b44-42c5-ae84-ddabab2228ec,Moe's Cantina - River North,c694d327-280e-42d0-906a-cc8ea3d5e85b,Restaurants
d5d24b26-e2cd-41ff-b4e8-eaf891f8b1de,Chicago Style by Katie Lukes,0ef00d5e-edd8-4708-84ce-fb46d471f94f,Murals
d6173528-96c2-4adb-a7b5-d59da0f920ed,Hotel Godfrey,60f360a5-edc9-4df0-b618-782985396946,Hotels
d65176b1-8e20-4458-b462-049875cde51f,Northman Beer & Cider Garden,ae72a1a9-ea1d-43f9-a8e5-4b0537018f4f,Bars
d65176b1-8e20-4458-b462-049875cde51f,Northman Beer & Cider Garden,c694d327-280e-42d0-906a-cc8ea3d5e85b,Restaurants
d7b54985-bba1-4e99-8e66-2d5696a03b85,Yolk - Streeterville,a983cb1b-95cb-44df-aab0-5410b0623553,Hot Spots
d7b54985-bba1-4e99-8e66-2d5696a03b85,Yolk - Streeterville,c694d327-280e-42d0-906a-cc8ea3d5e85b,Restaurants
d7f34584-aefb-4499-be0d-9169cb77c642,Cobra Lounge,ae72a1a9-ea1d-43f9-a8e5-4b0537018f4f,Bars
d7f34584-aefb-4499-be0d-9169cb77c642,Cobra Lounge,c694d327-280e-42d0-906a-cc8ea3d5e85b,Restaurants
d7f34584-aefb-4499-be0d-9169cb77c642,Cobra Lounge,f9b15bb5-2599-4d3b-a116-c3bc7e1f668c,Theaters And Music Venues
d8392d2f-d8b3-4415-bd9d-93e6b4283b00,Congress Plaza,60f360a5-edc9-4df0-b618-782985396946,Hotels
d85af6a8-8d67-4b9a-9bc9-39ac42ea30d9,Primark,d9f34546-cb34-4f1f-88b8-fdc9955ba3e5,Shops
d9448803-c282-4ccd-91a6-ce94d1d2fdcc,Hilton Garden Inn,60f360a5-edc9-4df0-b618-782985396946,Hotels
da057913-9a02-4232-9a7d-c2ea84c453ef,The Old Post Office,62cb379b-afe0-4eee-b7c5-d8bb93abc088,Movie & Tv Locations
daec936e-ce9f-472c-9764-fca57ed8fdc8,Rosebud Taylor Street,c694d327-280e-42d0-906a-cc8ea3d5e85b,Restaurants
dd1e195c-83d6-4fe8-b09d-3c0eacc59059,Ohio House,60f360a5-edc9-4df0-b618-782985396946,Hotels
de2fb87e-f914-4639-8d38-1b8792583d21,10pin Bowling Lounge,a983cb1b-95cb-44df-aab0-5410b0623553,Hot Spots
de2fb87e-f914-4639-8d38-1b8792583d21,10pin Bowling Lounge,ae72a1a9-ea1d-43f9-a8e5-4b0537018f4f,Bars
de2fb87e-f914-4639-8d38-1b8792583d21,10pin Bowling Lounge,c694d327-280e-42d0-906a-cc8ea3d5e85b,Restaurants
deb3f631-4458-4912-abc0-84fc17b60b58,The Second City,a4d707b8-d9b5-45cd-b8e9-4e7642ded04d,Attractions
deb3f631-4458-4912-abc0-84fc17b60b58,The Second City,a983cb1b-95cb-44df-aab0-5410b0623553,Hot Spots
deb3f631-4458-4912-abc0-84fc17b60b58,The Second City,f9b15bb5-2599-4d3b-a116-c3bc7e1f668c,Theaters And Music Venues
e099ec01-4406-4d37-95a2-d21a005d5443,The Aviary,ae72a1a9-ea1d-43f9-a8e5-4b0537018f4f,Bars
e0b0de67-cf08-488e-b33a-9be0e0e9c71a,Hotel Chicago,60f360a5-edc9-4df0-b618-782985396946,Hotels
e15bc868-64a8-4545-a686-cdfc4b47304a,Level River North,60f360a5-edc9-4df0-b618-782985396946,Hotels
e30a5d78-46be-4314-bf01-702c19b01610,Haymarket Memorial,a4d707b8-d9b5-45cd-b8e9-4e7642ded04d,Attractions
e36210c6-b094-423a-948d-648b70453b94,Sable,60f360a5-edc9-4df0-b618-782985396946,Hotels
e3dd7225-82a0-4930-919c-e9a20d3df3db,Bally's Casino,a4d707b8-d9b5-45cd-b8e9-4e7642ded04d,Attractions
e3f77f69-0255-466c-92d4-75dd9be82330,900 N. Michigan Shops,d9f34546-cb34-4f1f-88b8-fdc9955ba3e5,Shops
e669031a-333b-40af-bc8d-4d6f0de19512,Langham,60f360a5-edc9-4df0-b618-782985396946,Hotels
e6a80f79-2925-4aee-8227-97e097ca91b6,Club Quarters,60f360a5-edc9-4df0-b618-782985396946,Hotels
e6a9c15e-5cbd-426f-be63-67e26cdc1860,Hyatt Place Chicago/Downtown-The Loop,60f360a5-edc9-4df0-b618-782985396946,Hotels
e711b59b-37cf-4841-b6d5-bd55c15c62c1,Adler Planetarium,a4d707b8-d9b5-45cd-b8e9-4e7642ded04d,Attractions
e711b59b-37cf-4841-b6d5-bd55c15c62c1,Adler Planetarium,b3531d65-053c-420c-8b44-6076b45be5fa,Museums
e8ad5446-06db-4a1d-b2b9-7fb9fa316688,necessary & sufficient coffee,a983cb1b-95cb-44df-aab0-5410b0623553,Hot Spots
e8ad5446-06db-4a1d-b2b9-7fb9fa316688,necessary & sufficient coffee,c694d327-280e-42d0-906a-cc8ea3d5e85b,Restaurants
e8c24ea6-17a5-468a-a856-a4a0e793e50d,theWit,60f360a5-edc9-4df0-b618-782985396946,Hotels
eaa5167b-91d9-4744-a8d0-32a6e1b5764e,Talay Chicago,c694d327-280e-42d0-906a-cc8ea3d5e85b,Restaurants
eb682cb2-0b92-4134-8a6a-330f7501203d,Milton Lee Olive Park,73a6f729-b6f6-4518-b28a-e8101b831263,Parks
ed29288d-9494-4625-a6d8-95abc92e5888,Westin,60f360a5-edc9-4df0-b618-782985396946,Hotels
ee1cd8e1-c553-4a4e-8d67-2dc599f3c4d2,Starbucks Reserve Roastery,c694d327-280e-42d0-906a-cc8ea3d5e85b,Restaurants
efb07b22-0160-4528-81b6-9a474fce0e54,Oprah Winfrey Mural,0ef00d5e-edd8-4708-84ce-fb46d471f94f,Murals
f021d1b7-2530-4f66-a737-b696f1b80d0a,Auditorium Theatre,f9b15bb5-2599-4d3b-a116-c3bc7e1f668c,Theaters And Music Venues
f10a7db2-d660-4033-b4f5-7f8e66917c81,Weather Mark Tavern,c694d327-280e-42d0-906a-cc8ea3d5e85b,Restaurants
f3aeb2ff-0404-4bb7-a9a8-037146b9726b,Marriott Marquis,60f360a5-edc9-4df0-b618-782985396946,Hotels
f4feaf51-719e-47cc-8560-0fb353cf1c57,Chicago Athletic Association,60f360a5-edc9-4df0-b618-782985396946,Hotels
f514d869-ca42-49f6-83d0-eb64c4de33a7,Homewood Suites,60f360a5-edc9-4df0-b618-782985396946,Hotels
f5a85be1-1965-499c-9808-40707ef5d1e9,Royal Sonesta,60f360a5-edc9-4df0-b618-782985396946,Hotels
f611c0a4-5c6f-4f39-bef8-9d534889f2e5,Riu,60f360a5-edc9-4df0-b618-782985396946,Hotels
f616e347-ea50-452b-a39d-828a82589556,Hampton Majestic,60f360a5-edc9-4df0-b618-782985396946,Hotels
f667c8b9-cd6b-433e-ae24-a57adefcc940,Westin River North,60f360a5-edc9-4df0-b618-782985396946,Hotels
f9d8de83-a6ab-46c0-ada9-69975c670ef9,Big Bus Tours Stop 11: River North,1874d4f2-bc80-4c8f-a116-32f5ee9f199a,Big Bus Tours Stops
f9f32a6a-8280-4658-b26f-1591f7552f5c,"HI Chicago, the J. Ira and Nicki Harris Family Hostel",60f360a5-edc9-4df0-b618-782985396946,Hotels
fa1c3882-f5b6-4eb5-82dd-241817ee014d,Art Institute of Chicago,a4d707b8-d9b5-45cd-b8e9-4e7642ded04d,Attractions
fa1c3882-f5b6-4eb5-82dd-241817ee014d,Art Institute of Chicago,b3531d65-053c-420c-8b44-6076b45be5fa,Museums
fa33cd1d-9ae6-4f76-8774-6801edaff5b7,Publican Quality Meats,62cb379b-afe0-4eee-b7c5-d8bb93abc088,Movie & Tv Locations
fa33cd1d-9ae6-4f76-8774-6801edaff5b7,Publican Quality Meats,c694d327-280e-42d0-906a-cc8ea3d5e85b,Restaurants
fbac8988-3403-49f1-a8c0-bb30bbf46c8a,Lou Malnati's,c694d327-280e-42d0-906a-cc8ea3d5e85b,Restaurants
fc388afa-ccbe-434a-a0a8-a19f2bd80d40,Marriott,60f360a5-edc9-4df0-b618-782985396946,Hotels
fdd78cdf-92af-4497-acc8-0d48d0d451ae,La Quinta Inn & Suites by Wyndham Chicago Downtown,60f360a5-edc9-4df0-b618-782985396946,Hotels
fe6337f9-9caf-4a5b-b9ce-7dfe628b670d,Claridge House,60f360a5-edc9-4df0-b618-782985396946,Hotels
fee6875f-c61c-4d9f-a828-73e3446a3a6c,Museum of Broadcast Communications,a983cb1b-95cb-44df-aab0-5410b0623553,Hot Spots
fee6875f-c61c-4d9f-a828-73e3446a3a6c,Museum of Broadcast Communications,b3531d65-053c-420c-8b44-6076b45be5fa,Museums
ff40b238-44f5-4584-97b5-7ed9b05f840a,Broadway Playhouse,f9b15bb5-2599-4d3b-a116-c3bc7e1f668c,Theaters And Music Venues
